title,link
Chen Xu (diplomat),Alma mater
Chen Xu (diplomat),Chen (surname)
Chen Xu (diplomat),Chen Xu (disambiguation)
Chen Xu (diplomat),China Foreign Affairs University
Chen Xu (diplomat),Chinese Communist Party
Chen Xu (diplomat),Chinese name
Chen Xu (diplomat),Chinese surname
Chen Xu (diplomat),Deputy Director of the Department of European Affairs of the Ministry of Foreign Affairs of the People's Republic of China
Chen Xu (diplomat),Deputy List of ambassadors of China to the Netherlands
Chen Xu (diplomat),Fudan University
Chen Xu (diplomat),Hanyu Pinyin
Chen Xu (diplomat),Incumbent
Chen Xu (diplomat),List of Permanent Representatives of China to the United Nations Office at Geneva and Other International Organizations in Switzerland
Chen Xu (diplomat),List of ambassadors of China to the Netherlands
Chen Xu (diplomat),Liu Haixing
Chen Xu (diplomat),Ministry of Foreign Affairs of the People's Republic of China
Chen Xu (diplomat),Permanent Mission of the People's Republic of China to the United Nations
Chen Xu (diplomat),Simplified Chinese characters
Chen Xu (diplomat),Standard Chinese
Chen Xu (diplomat),Traditional Chinese characters
Chen Xu (diplomat),United Nations Human Rights Council
Chen Xu (diplomat),Vice Director of the Department of European Affairs of the Ministry of Foreign Affairs of the People's Republic of China
Chen Xu (diplomat),Vice List of ambassadors of China to the Netherlands
Chen Xu (diplomat),Wang Lutong
Chen Xu (diplomat),Wu Ken
Chen Xu (diplomat),Xi Jinping
Chen Xu (diplomat),Xinjiang
Chen Xu (diplomat),"Yanggu County, Shandong"
Chen Xu (diplomat),Yu Jianhua
Chen Xu (diplomat),Zhang Jun (ambassador)
Lu Kang (diplomat),2001 Sino-Russian Treaty of Friendship
Lu Kang (diplomat),British Foreign Office
Lu Kang (diplomat),China
Lu Kang (diplomat),Chinese Communist Party
Lu Kang (diplomat),Chinese name
Lu Kang (diplomat),Chinese surname
Lu Kang (diplomat),Cong Peiwu
Lu Kang (diplomat),Deputy Director of Foreign Ministry Information Department of the People's Republic of China
Lu Kang (diplomat),Deputy Director of the Foreign Ministry North American and Oceanian Affairs Department of the People's Republic of China
Lu Kang (diplomat),Deputy List of ambassadors of China to Indonesia
Lu Kang (diplomat),Eurasian Economic Union
Lu Kang (diplomat),Freedom of religion in China
Lu Kang (diplomat),Geneva peace talks on Syria (2016)
Lu Kang (diplomat),Hanyu Pinyin
Lu Kang (diplomat),Hong Kong
Lu Kang (diplomat),Hua Chunying
Lu Kang (diplomat),Incumbent
Lu Kang (diplomat),Jiangsu
Lu Kang (diplomat),Korean Peninsula
Lu Kang (diplomat),Line of Actual Control
Lu Kang (diplomat),List of ambassadors of China to Indonesia
Lu Kang (diplomat),Liu Jianchao
Lu Kang (diplomat),Lu (surname 陆)
Lu Kang (diplomat),Ministry of Foreign Affairs of the People's Republic of China
Lu Kang (diplomat),Nanjing
Lu Kang (diplomat),North Korea
Lu Kang (diplomat),Silk Road Economic Belt
Lu Kang (diplomat),Simplified Chinese characters
Lu Kang (diplomat),Sino-British Joint Declaration
Lu Kang (diplomat),Six-party talks
Lu Kang (diplomat),South Korea
Lu Kang (diplomat),Standard Chinese
Lu Kang (diplomat),Syrian Civil War
Lu Kang (diplomat),Terminal High Altitude Area Defense
Lu Kang (diplomat),Traditional Chinese characters
Lu Kang (diplomat),United States
Lu Kang (diplomat),Vice Director of Foreign Ministry Information Department of the People's Republic of China
Lu Kang (diplomat),Vice Director of the Foreign Ministry North American and Oceanian Affairs Department of the People's Republic of China
Lu Kang (diplomat),Vice List of ambassadors of China to Indonesia
Lu Kang (diplomat),Wang Yi (politician)
Lu Kang (diplomat),Xiao Qian (diplomat)
Cui Tiankai,12th National People's Congress
Cui Tiankai,Alfred Sao-ke Sze
Cui Tiankai,Alma mater
Cui Tiankai,Barack Obama
Cui Tiankai,Beijing Foreign Studies University
Cui Tiankai,Beiyang government
Cui Tiankai,Cai Juni
Cui Tiankai,Cai Pei
Cui Tiankai,Centre for Strategic and International Studies
Cui Tiankai,Chai Zemin
Cui Tiankai,Chang Li-sheng
Cui Tiankai,Chen Chu (diplomat)
Cui Tiankai,Chen Guangcheng
Cui Tiankai,Chen Jian (diplomat)
Cui Tiankai,Chen Lanbin
Cui Tiankai,Cheng Yonghua
Cui Tiankai,Cheng Zhimai
Cui Tiankai,Chengting T. Wang
Cui Tiankai,China
Cui Tiankai,China Youth Daily
Cui Tiankai,Chinese Communist Party
Cui Tiankai,Chinese language
Cui Tiankai,Chinese name
Cui Tiankai,Chinese surname
Cui Tiankai,Chu Minyi
Cui Tiankai,Cui (surname)
Cui Tiankai,Cui Guoyin
Cui Tiankai,Department of Asian Affairs (People's Republic of China)
Cui Tiankai,Deputy List of ambassadors of China to Japan
Cui Tiankai,Deputy List of ambassadors of China to the United States
Cui Tiankai,Diplomat
Cui Tiankai,East China Normal University
Cui Tiankai,"Embassy of China, Washington, D.C."
Cui Tiankai,Excellency
Cui Tiankai,Fu Hao (diplomat)
Cui Tiankai,George Yeh
Cui Tiankai,Han Xu
Cui Tiankai,He Ruzhang
Cui Tiankai,Hollington Tong
Cui Tiankai,Hu Shih
Cui Tiankai,Hu Weide
Cui Tiankai,Huang Zhen
Cui Tiankai,Huang Zunxian
Cui Tiankai,ISBN (identifier)
Cui Tiankai,James Shen
Cui Tiankai,Japan
Cui Tiankai,Jiang Zuobin
Cui Tiankai,Johns Hopkins University
Cui Tiankai,Kong Xuanyou
Cui Tiankai,Language interpretation
Cui Tiankai,Li Daoyu
Cui Tiankai,Li Jiaju
Cui Tiankai,Li Jingfang
Cui Tiankai,Li Shengduo
Cui Tiankai,Li Shuchang
Cui Tiankai,Li Xingrui
Cui Tiankai,Li Zhaoxing
Cui Tiankai,Lian Yu
Cui Tiankai,Liang Cheng
Cui Tiankai,List of ambassadors of China to Japan
Cui Tiankai,List of ambassadors of China to the United States
Cui Tiankai,Liu Chongjie
Cui Tiankai,Liu Jingren
Cui Tiankai,Ma Tingliang
Cui Tiankai,Master of International Affairs
Cui Tiankai,Ministry of Foreign Affairs of the People's Republic of China
Cui Tiankai,National People's Congress
Cui Tiankai,Nationalist government
Cui Tiankai,Ningbo
Cui Tiankai,OCLC (identifier)
Cui Tiankai,Oval Office
Cui Tiankai,Paul H. Nitze School of Advanced International Studies
Cui Tiankai,Peng Mengji
Cui Tiankai,Pinyin
Cui Tiankai,Qin Gang
Cui Tiankai,Qing dynasty
Cui Tiankai,Republic of China (1912–1949)
Cui Tiankai,Shanghai
Cui Tiankai,Shanghai Foreign Language School
Cui Tiankai,Shen Jinding
Cui Tiankai,Shi Luben
Cui Tiankai,Song Zhiguang
Cui Tiankai,South China Sea
Cui Tiankai,Stanford University Press
Cui Tiankai,Taiwan
Cui Tiankai,Tsiang Tingfu
Cui Tiankai,United Nations
Cui Tiankai,United States
Cui Tiankai,Vice List of ambassadors of China to Japan
Cui Tiankai,Vice List of ambassadors of China to the United States
Cui Tiankai,Wang Daxie
Cui Tiankai,Wang Fangzao
Cui Tiankai,Wang Jingwei regime
Cui Tiankai,Wang Yi (politician)
Cui Tiankai,"Washington, D.C."
Cui Tiankai,Wei Tao-ming
Cui Tiankai,Wellington Koo
Cui Tiankai,World War II
Cui Tiankai,Wu Chaoshu
Cui Tiankai,Wu Dawei
Cui Tiankai,Wu Jianghao
Cui Tiankai,Wu Tingfang
Cui Tiankai,Xi Jinping
Cui Tiankai,Xia Xiefu
Cui Tiankai,Xie Feng (diplomat)
Cui Tiankai,Xu Chengzu
Cui Tiankai,Xu Dunxin
Cui Tiankai,Xu Jingcheng
Cui Tiankai,Xu Liang
Cui Tiankai,Xu Shiying
Cui Tiankai,Yan Huiqing
Cui Tiankai,Yang Jiechi
Cui Tiankai,Yang Shu (diplomat)
Cui Tiankai,Yang Yü (diplomat)
Cui Tiankai,Yang Zhenya
Cui Tiankai,Yugeng
Cui Tiankai,Zhang Shu
Cui Tiankai,Zhang Sigui
Cui Tiankai,Zhang Wenjin
Cui Tiankai,Zhang Yesui
Cui Tiankai,Zhang Yinheng
Cui Tiankai,Zhang Yintang
Cui Tiankai,Zhang Yuanjie
Cui Tiankai,Zhang Zongxiang
Cui Tiankai,Zhejiang
Cui Tiankai,Zheng Zaoru
Cui Tiankai,Zhong Lu
Cui Tiankai,Zhou Shukai
Cui Tiankai,Zhou Wenzhong
Cui Tiankai,Zhu Qizhen (diplomat)
Dong Xiaojun,Ambassador extraordinary and plenipotentiary
Dong Xiaojun,Bulgaria
Dong Xiaojun,Bulgaria–China relations
Dong Xiaojun,China–Jamaica relations
Dong Xiaojun,China–Uruguay relations
Dong Xiaojun,Jamaica
Dong Xiaojun,Niu Qingbao
Dong Xiaojun,Pinyin
Dong Xiaojun,Simplified Chinese characters
Dong Xiaojun,Traditional Chinese characters
Dong Xiaojun,Uruguay
Dong Xiaojun,Wang Gang (diplomat)
Dong Xiaojun,Yan Banghua
Dong Xiaojun,Zhang Haizhou
Dong Xiaojun,Zheng Qingdian
Kong Xuanyou,Alma mater
Kong Xuanyou,Arabic
Kong Xuanyou,Cheng Yonghua
Kong Xuanyou,China Foreign Affairs University
Kong Xuanyou,Chinese name
Kong Xuanyou,Chinese surname
Kong Xuanyou,Communist Party of China
Kong Xuanyou,Cui Tiankai
Kong Xuanyou,Department of Asian Affairs (People's Republic of China)
Kong Xuanyou,Deputy Director of Department of Asian Affairs (People's Republic of China)
Kong Xuanyou,Deputy List of ambassadors of China to Japan
Kong Xuanyou,Deputy List of ambassadors of China to Vietnam
Kong Xuanyou,Deputy Ministry of Foreign Affairs of the People's Republic of China
Kong Xuanyou,Envoy (title)
Kong Xuanyou,Friendship Order
Kong Xuanyou,Hangul
Kong Xuanyou,Hanja
Kong Xuanyou,Hanyu Pinyin
Kong Xuanyou,Heilongjiang
Kong Xuanyou,Japanese language
Kong Xuanyou,JoongAng Ilbo
Kong Xuanyou,Kong (surname)
Kong Xuanyou,Korean language
Kong Xuanyou,Koreans in China
Kong Xuanyou,List of ambassadors of China to Japan
Kong Xuanyou,List of ambassadors of China to Vietnam
Kong Xuanyou,Ministry of Foreign Affairs of the People's Republic of China
Kong Xuanyou,Osaka
Kong Xuanyou,Pakistan
Kong Xuanyou,Revised Romanization of Korean
Kong Xuanyou,Shanghai International Studies University
Kong Xuanyou,Simplified Chinese characters
Kong Xuanyou,Six-party talks
Kong Xuanyou,Standard Chinese
Kong Xuanyou,THAAD
Kong Xuanyou,Traditional Chinese characters
Kong Xuanyou,Vice Director of Department of Asian Affairs (People's Republic of China)
Kong Xuanyou,Vice List of ambassadors of China to Japan
Kong Xuanyou,Vice List of ambassadors of China to Vietnam
Kong Xuanyou,Vice Ministry of Foreign Affairs of the People's Republic of China
Kong Xuanyou,Vietnam
Kong Xuanyou,Wang Yi (politician)
Kong Xuanyou,Wu Dawei
Kong Xuanyou,Wu Jianghao
Liu Xiaoming,2019–20 Hong Kong protests
Liu Xiaoming,5G
Liu Xiaoming,An Huihou
Liu Xiaoming,Asia Times
Liu Xiaoming,BBC
Liu Xiaoming,BBC News
Liu Xiaoming,Bloomberg News
Liu Xiaoming,British Foreign Office
Liu Xiaoming,CNN
Liu Xiaoming,COVID-19 pandemic
Liu Xiaoming,China
Liu Xiaoming,Chinese name
Liu Xiaoming,Chinese surname
Liu Xiaoming,Cold war
Liu Xiaoming,Communist Party of China
Liu Xiaoming,Conservative Party (UK)
Liu Xiaoming,Dalian University of Foreign Languages
Liu Xiaoming,Deputy China's Special Representative on Korean Peninsula Affairs
Liu Xiaoming,Deputy List of ambassadors of China to Egypt
Liu Xiaoming,Deputy List of ambassadors of China to North Korea
Liu Xiaoming,Deputy List of ambassadors of China to the United Kingdom
Liu Xiaoming,Egypt
Liu Xiaoming,"Embassy of China, London"
Liu Xiaoming,Evening Standard
Liu Xiaoming,Express & Star
Liu Xiaoming,Fake news
Liu Xiaoming,Financial Times
Liu Xiaoming,Fletcher School of Law and Diplomacy
Liu Xiaoming,Footjob
Liu Xiaoming,Foreign Affairs Select Committee
Liu Xiaoming,Foreign Secretary
Liu Xiaoming,Fu Ying
Liu Xiaoming,Geng Shuang
Liu Xiaoming,Government of the United Kingdom
Liu Xiaoming,Hanyu Pinyin
Liu Xiaoming,Harry Potter
Liu Xiaoming,Horcrux
Liu Xiaoming,Huawei
Liu Xiaoming,Incumbent
Liu Xiaoming,Japanese militarism
Liu Xiaoming,Jeremy Hunt
Liu Xiaoming,Keiichi Hayashi
Liu Xiaoming,Kong Xuanyou
Liu Xiaoming,Korea
Liu Xiaoming,Laws in Hong Kong
Liu Xiaoming,Liaoning
Liu Xiaoming,List of ambassadors of China to Egypt
Liu Xiaoming,List of ambassadors of China to North Korea
Liu Xiaoming,List of ambassadors of China to the United Kingdom
Liu Xiaoming,Liu (surname)
Liu Xiaoming,Liu Hongcai
Liu Xiaoming,Lord Voldemort
Liu Xiaoming,Member of Parliament (United Kingdom)
Liu Xiaoming,Ministry of Foreign Affairs of the People's Republic of China
Liu Xiaoming,North Korea
Liu Xiaoming,Simplified Chinese characters
Liu Xiaoming,South China Morning Post
Liu Xiaoming,Standard Chinese
Liu Xiaoming,The Daily Telegraph
Liu Xiaoming,The Guardian
Liu Xiaoming,Traditional Chinese characters
Liu Xiaoming,Tufts University
Liu Xiaoming,Twitter
Liu Xiaoming,US-China trade war
Liu Xiaoming,United Kingdom
Liu Xiaoming,United States
Liu Xiaoming,Vice China's Special Representative on Korean Peninsula Affairs
Liu Xiaoming,Vice List of ambassadors of China to Egypt
Liu Xiaoming,Vice List of ambassadors of China to North Korea
Liu Xiaoming,Vice List of ambassadors of China to the United Kingdom
Liu Xiaoming,Wu Donghe
Liu Xiaoming,Wu Sike
Liu Xiaoming,Xinjiang internment camps
Liu Xiaoming,Yasukuni shrine
Liu Xiaoming,Zheng Zeguang
Nong Rong,13th National People's Congress
Nong Rong,Alma mater
Nong Rong,Balochistan
Nong Rong,Ban Zhongbai
Nong Rong,Chinese Communist Party
Nong Rong,Chinese name
Nong Rong,Chinese surname
Nong Rong,Deputy List of ambassadors of China to Pakistan
Nong Rong,Deputy Ministry of Foreign Affairs of the People's Republic of China
Nong Rong,Guangxi
Nong Rong,Guigang
Nong Rong,Hanyu Pinyin
Nong Rong,He Luchun
Nong Rong,Incumbent
Nong Rong,Li Xinyuan
Nong Rong,List of ambassadors of China to Pakistan
Nong Rong,Mashan County
Nong Rong,Ministry of Foreign Affairs of the People's Republic of China
Nong Rong,Nong (surname)
Nong Rong,Peking University
Nong Rong,Qin Gang
Nong Rong,Quetta
Nong Rong,Simplified Chinese characters
Nong Rong,Standard Chinese
Nong Rong,State Council of the People's Republic of China
Nong Rong,Tehrik-i-Taliban Pakistan
Nong Rong,Traditional Chinese characters
Nong Rong,Vice List of ambassadors of China to Pakistan
Nong Rong,Vice Ministry of Foreign Affairs of the People's Republic of China
Nong Rong,Wu Jianghao
Nong Rong,Yao Jing
Nong Rong,Zhuang people
Qin Gang,19th Politburo of the Chinese Communist Party
Qin Gang,2022 visit by Nancy Pelosi to Taiwan
Qin Gang,2023 National People's Congress
Qin Gang,20th Politburo of the Chinese Communist Party
Qin Gang,ASEAN
Qin Gang,Al Jazeera English
Qin Gang,Alfred Sao-ke Sze
Qin Gang,Alma mater
Qin Gang,Anadolu Agency
Qin Gang,Astronaut
Qin Gang,Attaché
Qin Gang,Australian Financial Review
Qin Gang,BBC
Qin Gang,BBC News
Qin Gang,Bachelor of Laws
Qin Gang,Bagatur
Qin Gang,Bloomberg News
Qin Gang,Carter Center
Qin Gang,Central Foreign Affairs Commission
Qin Gang,Chai Zemin
Qin Gang,Chen Baosheng
Qin Gang,Chen Lanbin
Qin Gang,Chen Wenqing
Qin Gang,Chen Xiaojiang
Qin Gang,Chen Yi (marshal)
Qin Gang,Chen Yixin
Qin Gang,Chengting T. Wang
Qin Gang,China
Qin Gang,Chinese Communist Party
Qin Gang,Chinese language
Qin Gang,Chinese name
Qin Gang,Chinese surname
Qin Gang,Cui Guoyin
Qin Gang,Cui Tiankai
Qin Gang,Deng Li
Qin Gang,Deputy Director of the Ministry of Foreign Affairs of the People's Republic of China
Qin Gang,Deputy List of ambassadors of China to the United States
Qin Gang,Deputy Minister of Foreign Affairs of the People's Republic of China
Qin Gang,Deputy Ministry of Foreign Affairs of the People's Republic of China
Qin Gang,Deputy State councillor
Qin Gang,Ding Xuexiang
Qin Gang,E Jingping
Qin Gang,"Embassy of China, London"
Qin Gang,"Embassy of China, Washington, D.C."
Qin Gang,Envoy (title)
Qin Gang,Financial Times
Qin Gang,Foreign Minister of the People's Republic of China
Qin Gang,Fu Xiaotian
Qin Gang,Fu Zhenghua
Qin Gang,General Secretary of the Chinese Communist Party
Qin Gang,George Yeh
Qin Gang,Governor of the People's Bank of China
Qin Gang,Han Changfu
Qin Gang,Han Xu
Qin Gang,Han Zheng
Qin Gang,Hanyu Pinyin
Qin Gang,He Lifeng
Qin Gang,He Rong
Qin Gang,Hebei
Qin Gang,Henry Kissinger
Qin Gang,High Representative of the Union for Foreign Affairs and Security Policy
Qin Gang,Hollington Tong
Qin Gang,Hong Lei (diplomat)
Qin Gang,Hou Kai
Qin Gang,Hu Chunhua
Qin Gang,Hu Heping
Qin Gang,Hu Shih
Qin Gang,Hu Zejun
Qin Gang,Huai Jinpeng
Qin Gang,Huang Hua
Qin Gang,Huang Ming (politician)
Qin Gang,Huang Runqiu
Qin Gang,Huang Shuxian
Qin Gang,Huang Zhen
Qin Gang,ISSN (identifier)
Qin Gang,Intelligence Online
Qin Gang,International Politics
Qin Gang,Jakarta
Qin Gang,James Shen
Qin Gang,Janet Yellen
Qin Gang,Ji Pengfei
Qin Gang,Jin Zhuanglong
Qin Gang,Josep Borrell
Qin Gang,Lan Fo'an
Qin Gang,Li Baodong
Qin Gang,Li Daoyu
Qin Gang,Li Ganjie
Qin Gang,Li Guoying
Qin Gang,Li Jiheng
Qin Gang,Li Keqiang
Qin Gang,Li Keqiang Government
Qin Gang,Li Qiang
Qin Gang,Li Qiang Government
Qin Gang,Li Shangfu
Qin Gang,Li Xiaopeng (politician)
Qin Gang,Li Zhaoxing
Qin Gang,Liang Cheng
Qin Gang,List of ambassadors of China to the United States
Qin Gang,Liu Guozhong
Qin Gang,Liu He (politician)
Qin Gang,Liu Jianchao
Qin Gang,Liu Kun
Qin Gang,Lu Hao (born 1967)
Qin Gang,Luo Shugang
Qin Gang,Luo Zhaohui
Qin Gang,Ma Xiaowei
Qin Gang,Ma Zhaoxu
Qin Gang,Miao Wei
Qin Gang,Minister of Foreign Affairs of the People's Republic of China
Qin Gang,Minister of National Defense of the People's Republic of China
Qin Gang,Ministries of the People's Republic of China
Qin Gang,Ministry of Agriculture and Rural Affairs
Qin Gang,Ministry of Civil Affairs
Qin Gang,Ministry of Commerce (China)
Qin Gang,Ministry of Culture and Tourism (China)
Qin Gang,Ministry of Ecology and Environment
Qin Gang,Ministry of Education (China)
Qin Gang,Ministry of Education of the People's Republic of China
Qin Gang,Ministry of Emergency Management
Qin Gang,Ministry of Finance (China)
Qin Gang,Ministry of Foreign Affairs of the People's Republic of China
Qin Gang,Ministry of Housing and Urban-Rural Development
Qin Gang,Ministry of Human Resources and Social Security
Qin Gang,Ministry of Industry and Information Technology
Qin Gang,Ministry of Justice (China)
Qin Gang,Ministry of Natural Resources (China)
Qin Gang,Ministry of Public Security (China)
Qin Gang,Ministry of Science and Technology (China)
Qin Gang,Ministry of State Security (China)
Qin Gang,Ministry of Transport (China)
Qin Gang,Ministry of Veterans Affairs (China)
Qin Gang,Ministry of Water Resources (China)
Qin Gang,NPR
Qin Gang,National Audit Office (China)
Qin Gang,National Development and Reform Commission
Qin Gang,National Ethnic Affairs Commission
Qin Gang,National Health Commission
Qin Gang,Ni Hong (politician)
Qin Gang,Pan Gongsheng
Qin Gang,Pan Yue (politician)
Qin Gang,Party Committee Secretary
Qin Gang,Pei Jinjia
Qin Gang,People's Daily
Qin Gang,Pinyin
Qin Gang,Politburo Standing Committee of the Chinese Communist Party
Qin Gang,Premier of the People's Republic of China
Qin Gang,Qian Qichen
Qin Gang,Qiao Guanhua
Qin Gang,Qin (surname)
Qin Gang,Qing dynasty
Qin Gang,Quartz (publication)
Qin Gang,R. Nicholas Burns
Qin Gang,Radio Free Asia
Qin Gang,Republic of China (1912–1949)
Qin Gang,Reuters
Qin Gang,Secretary-General of the State Council
Qin Gang,Shen Yiqin
Qin Gang,Shenzhou 13
Qin Gang,Simplified Chinese characters
Qin Gang,South China Morning Post
Qin Gang,Standard Chinese
Qin Gang,Standing Committee of the National People's Congress
Qin Gang,State Council of the People's Republic of China
Qin Gang,State councillor
Qin Gang,Sun Chunlan
Qin Gang,Sun Shaocheng
Qin Gang,Surrogacy
Qin Gang,Taiwan
Qin Gang,Tang Dengjie
Qin Gang,Tang Jiaxuan
Qin Gang,Tang Renjian
Qin Gang,Tang Yijun
Qin Gang,The Guardian
Qin Gang,The New York Times
Qin Gang,The Wall Street Journal
Qin Gang,The Washington Post
Qin Gang,Tiangong space station
Qin Gang,Tianjin
Qin Gang,Traditional Chinese characters
Qin Gang,Tsiang Tingfu
Qin Gang,United Daily News
Qin Gang,United States Secretary of State
Qin Gang,United States Secretary of the Treasury
Qin Gang,University of International Relations
Qin Gang,Uyghur genocide
Qin Gang,Vice Chairperson of the Chinese People's Political Consultative Conference
Qin Gang,Vice Director of the Ministry of Foreign Affairs of the People's Republic of China
Qin Gang,Vice List of ambassadors of China to the United States
Qin Gang,Vice Minister of Foreign Affairs of the People's Republic of China
Qin Gang,Vice Ministry of Foreign Affairs of the People's Republic of China
Qin Gang,Vice Premier of the People's Republic of China
Qin Gang,Vice State councillor
Qin Gang,Wang Guanghua
Qin Gang,Wang Menghui
Qin Gang,Wang Wenbin
Qin Gang,Wang Wentao
Qin Gang,Wang Xiangxi
Qin Gang,Wang Xiaohong
Qin Gang,Wang Xiaoping
Qin Gang,Wang Yi (politician)
Qin Gang,Wang Yong (politician)
Qin Gang,Wang Yupu
Qin Gang,Wang Zhigang
Qin Gang,"Washington, D.C."
Qin Gang,Wei Fenghe
Qin Gang,Wei Tao-ming
Qin Gang,Wellington Koo
Qin Gang,Whole-process people's democracy
Qin Gang,Wu Chaoshu
Qin Gang,Wu Tingfang
Qin Gang,Wu Xueqian
Qin Gang,Wu Zhenglong
Qin Gang,Xi Jinping
Qin Gang,Xia Xiefu
Qin Gang,Xiao Jie
Qin Gang,Xiao Yaqing
Qin Gang,Xie Feng (diplomat)
Qin Gang,Xinhua
Qin Gang,Xinhua News Agency
Qin Gang,Yan Huiqing
Qin Gang,Yang Jiechi
Qin Gang,Yang Yü (diplomat)
Qin Gang,Yi Gang
Qin Gang,Yin Hejun
Qin Gang,Zhang Guoqing
Qin Gang,Zhang Jinan
Qin Gang,Zhang Kunsheng
Qin Gang,Zhang Wenjin
Qin Gang,Zhang Yesui
Qin Gang,Zhang Yinheng
Qin Gang,Zhang Yintang
Qin Gang,Zhao Kezhi
Qin Gang,Zheng Shanjie
Qin Gang,Zheng Zaoru
Qin Gang,Zheng Zeguang
Qin Gang,Zhong Shan
Qin Gang,Zhou Enlai
Qin Gang,Zhou Shukai
Qin Gang,Zhou Wenzhong
Qin Gang,Zhou Zuyi
Qin Gang,Zhu Qizhen (diplomat)
Wu Jianghao,Akihito
Wu Jianghao,Beiyang government
Wu Jianghao,Cai Juni
Wu Jianghao,Cai Pei
Wu Jianghao,Chang Li-sheng
Wu Jianghao,Changde
Wu Jianghao,Chen Chu (diplomat)
Wu Jianghao,Chen Jian (diplomat)
Wu Jianghao,Cheng Yonghua
Wu Jianghao,Cheng Zhimai
Wu Jianghao,China
Wu Jianghao,Chinese Communist Party
Wu Jianghao,Chinese name
Wu Jianghao,Chinese surname
Wu Jianghao,Chu Minyi
Wu Jianghao,Cui Tiankai
Wu Jianghao,Department of Asian Affairs (People's Republic of China)
Wu Jianghao,Deputy Director General of the Department of Asian Affairs (People's Republic of China)
Wu Jianghao,Deputy List of ambassadors of China to Japan
Wu Jianghao,Deputy List of ambassadors of China to Sri Lanka
Wu Jianghao,Emperor of Japan
Wu Jianghao,Fu Hao (diplomat)
Wu Jianghao,Hanyu Pinyin
Wu Jianghao,He Ruzhang
Wu Jianghao,Hollington Tong
Wu Jianghao,Hong Kong
Wu Jianghao,Hu Weide
Wu Jianghao,Huang Zunxian
Wu Jianghao,Hunan
Wu Jianghao,Incumbent
Wu Jianghao,Jiang Zemin
Wu Jianghao,Jiang Zuobin
Wu Jianghao,Kong Xuanyou
Wu Jianghao,Li Jiaju
Wu Jianghao,Li Jingfang
Wu Jianghao,Li Shengduo
Wu Jianghao,Li Shuchang
Wu Jianghao,Li Xingrui
Wu Jianghao,Lian Yu
Wu Jianghao,Lianhe Zaobao
Wu Jianghao,List of ambassadors of China to Japan
Wu Jianghao,List of ambassadors of China to Sri Lanka
Wu Jianghao,Liu Chongjie
Wu Jianghao,Liu Jingren
Wu Jianghao,Liu Jinsong
Wu Jianghao,Luo Zhaohui
Wu Jianghao,Ma Tingliang
Wu Jianghao,Macao
Wu Jianghao,Ministry of Foreign Affairs
Wu Jianghao,Nationalist government
Wu Jianghao,Nikkei Asia
Wu Jianghao,Peng Mengji
Wu Jianghao,President of the People's Republic of China
Wu Jianghao,Qing dynasty
Wu Jianghao,Radio France International
Wu Jianghao,Republic of China (1912–1949)
Wu Jianghao,Shanghai International Studies University
Wu Jianghao,Shen Jinding
Wu Jianghao,Shi Luben
Wu Jianghao,Simplified Chinese characters
Wu Jianghao,Sohu
Wu Jianghao,Song Zhiguang
Wu Jianghao,Standard Chinese
Wu Jianghao,State visit by Jiang Zemin to Japan
Wu Jianghao,Taiwan
Wu Jianghao,Taoyuan County
Wu Jianghao,The Asahi Shimbun
Wu Jianghao,Tokyo
Wu Jianghao,Traditional Chinese characters
Wu Jianghao,Vice Director General of the Department of Asian Affairs (People's Republic of China)
Wu Jianghao,Vice List of ambassadors of China to Japan
Wu Jianghao,Vice List of ambassadors of China to Sri Lanka
Wu Jianghao,Wang Daxie
Wu Jianghao,Wang Fangzao
Wu Jianghao,Wang Jingwei regime
Wu Jianghao,Wang Yi (politician)
Wu Jianghao,Wei Tao-ming
Wu Jianghao,Wu (surname)
Wu Jianghao,Wu Dawei
Wu Jianghao,Xiao Qian (diplomat)
Wu Jianghao,Xu Chengzu
Wu Jianghao,Xu Dunxin
Wu Jianghao,Xu Jingcheng
Wu Jianghao,Xu Liang
Wu Jianghao,Xu Shiying
Wu Jianghao,Yang Shu (diplomat)
Wu Jianghao,Yang Xiuping
Wu Jianghao,Yang Zhenya
Wu Jianghao,Yi Xianliang
Wu Jianghao,Yugeng
Wu Jianghao,Zhang Shu
Wu Jianghao,Zhang Sigui
Wu Jianghao,Zhang Yuanjie
Wu Jianghao,Zhang Zongxiang
Wu Jianghao,Zhong Lu
Xie Feng (diplomat),Alfred Sao-ke Sze
Xie Feng (diplomat),Alma mater
Xie Feng (diplomat),Bachelor of Laws
Xie Feng (diplomat),Bloomberg News
Xie Feng (diplomat),CNBC
Xie Feng (diplomat),Chai Zemin
Xie Feng (diplomat),Chen Lanbin
Xie Feng (diplomat),Chengting T. Wang
Xie Feng (diplomat),China
Xie Feng (diplomat),China Foreign Affairs University
Xie Feng (diplomat),China–United States relations
Xie Feng (diplomat),Chinese Communist Party
Xie Feng (diplomat),Chinese name
Xie Feng (diplomat),Chinese surname
Xie Feng (diplomat),Cui Guoyin
Xie Feng (diplomat),Cui Tiankai
Xie Feng (diplomat),Deng Li
Xie Feng (diplomat),Deputy Commissioner of Office of the Commissioner (Hong Kong)
Xie Feng (diplomat),Deputy List of ambassadors of China to Indonesia
Xie Feng (diplomat),Deputy List of ambassadors of China to the United States
Xie Feng (diplomat),Deputy Ministry of Foreign Affairs of the People's Republic of China
Xie Feng (diplomat),George Yeh
Xie Feng (diplomat),Han Xu
Xie Feng (diplomat),Hanyu Pinyin
Xie Feng (diplomat),Hollington Tong
Xie Feng (diplomat),Hu Shih
Xie Feng (diplomat),Huang Zhen
Xie Feng (diplomat),Incumbent
Xie Feng (diplomat),James Shen
Xie Feng (diplomat),Jiangdu District
Xie Feng (diplomat),Jiangsu
Xie Feng (diplomat),Joe Biden
Xie Feng (diplomat),Li Daoyu
Xie Feng (diplomat),Li Zhaoxing
Xie Feng (diplomat),Liang Cheng
Xie Feng (diplomat),List of ambassadors of China to Indonesia
Xie Feng (diplomat),List of ambassadors of China to the United States
Xie Feng (diplomat),Liu Guangyuan
Xie Feng (diplomat),Liu Jianchao
Xie Feng (diplomat),Ma Zhaoxu
Xie Feng (diplomat),Master of Public Administration
Xie Feng (diplomat),Ministry of Foreign Affairs of the People's Republic of China
Xie Feng (diplomat),Office of the Commissioner (Hong Kong)
Xie Feng (diplomat),Politico
Xie Feng (diplomat),Public administration
Xie Feng (diplomat),Qin Gang
Xie Feng (diplomat),Qing dynasty
Xie Feng (diplomat),Renmin University
Xie Feng (diplomat),Republic of China (1912–1949)
Xie Feng (diplomat),Simplified Chinese characters
Xie Feng (diplomat),Song Zhe
Xie Feng (diplomat),South China Morning Post
Xie Feng (diplomat),Standard Chinese
Xie Feng (diplomat),Sun Weidong
Xie Feng (diplomat),Taiwan
Xie Feng (diplomat),The Commissioner's Office of China's Foreign Ministry in the Hong Kong S.A.R.
Xie Feng (diplomat),Traditional Chinese characters
Xie Feng (diplomat),Tsiang Tingfu
Xie Feng (diplomat),Vice Commissioner of Office of the Commissioner (Hong Kong)
Xie Feng (diplomat),Vice List of ambassadors of China to Indonesia
Xie Feng (diplomat),Vice List of ambassadors of China to the United States
Xie Feng (diplomat),Vice Ministry of Foreign Affairs of the People's Republic of China
Xie Feng (diplomat),Wang Yi (politician)
Xie Feng (diplomat),Wei Tao-ming
Xie Feng (diplomat),Wellington Koo
Xie Feng (diplomat),Wu Chaoshu
Xie Feng (diplomat),Wu Tingfang
Xie Feng (diplomat),Xia Xiefu
Xie Feng (diplomat),Xiao Qian (diplomat)
Xie Feng (diplomat),Xie (surname)
Xie Feng (diplomat),Xinhua News Agency
Xie Feng (diplomat),Yan Huiqing
Xie Feng (diplomat),Yang Jiechi
Xie Feng (diplomat),Yang Yü (diplomat)
Xie Feng (diplomat),Yangzhou
Xie Feng (diplomat),Zhang Wenjin
Xie Feng (diplomat),Zhang Yesui
Xie Feng (diplomat),Zhang Yinheng
Xie Feng (diplomat),Zhang Yintang
Xie Feng (diplomat),Zheng Zaoru
Xie Feng (diplomat),Zheng Zeguang
Xie Feng (diplomat),Zhou Shukai
Xie Feng (diplomat),Zhou Wenzhong
Xie Feng (diplomat),Zhu Qizhen (diplomat)
Zheng Zeguang,Alma mater
Zheng Zeguang,British Parliament
Zheng Zeguang,Cardiff School of Law and Politics
Zheng Zeguang,Cardiff University
Zheng Zeguang,China–United States relations
Zheng Zeguang,Chinese Communist Party
Zheng Zeguang,Chinese name
Zheng Zeguang,Chinese surname
Zheng Zeguang,Cultural Revolution
Zheng Zeguang,Deputy List of ambassadors of China to the United Kingdom
Zheng Zeguang,Deputy Ministry of Foreign Affairs of the People's Republic of China
Zheng Zeguang,"Embassy of China, London"
Zheng Zeguang,Gaokao
Zheng Zeguang,Guangdong
Zheng Zeguang,Guangdong Province
Zheng Zeguang,List of ambassadors of China to the United Kingdom
Zheng Zeguang,List of ambassadors of China to the United States
Zheng Zeguang,Liu Xiaoming
Zheng Zeguang,Ministry of Foreign Affairs (China)
Zheng Zeguang,Ministry of Foreign Affairs of the People's Republic of China
Zheng Zeguang,People's commune
Zheng Zeguang,Puning
Zheng Zeguang,Simplified Chinese characters
Zheng Zeguang,South China Morning Post
Zheng Zeguang,South China Normal University
Zheng Zeguang,Teacher training college
Zheng Zeguang,The Guardian
Zheng Zeguang,Trinidad and Tobago
Zheng Zeguang,Vice List of ambassadors of China to the United Kingdom
Zheng Zeguang,Vice Ministry of Foreign Affairs of the People's Republic of China
Zheng Zeguang,Wang Yi (politician)
Zheng Zeguang,Xie Feng (diplomat)
Zheng Zeguang,Zheng (surname)
Zhou Jian (diplomat),Alma mater
Zhou Jian (diplomat),China
Zhou Jian (diplomat),Chinese name
Zhou Jian (diplomat),Chinese surname
Zhou Jian (diplomat),Communist Party of China
Zhou Jian (diplomat),Department of Asian Affairs (People's Republic of China)
Zhou Jian (diplomat),Deputy List of ambassadors of China to Qatar
Zhou Jian (diplomat),Gushi County
Zhou Jian (diplomat),Hanyu Pinyin
Zhou Jian (diplomat),Henan
Zhou Jian (diplomat),Incumbent
Zhou Jian (diplomat),Li Chen (diplomat)
Zhou Jian (diplomat),List of ambassadors of China to Qatar
Zhou Jian (diplomat),Renmin University of China
Zhou Jian (diplomat),Simplified Chinese characters
Zhou Jian (diplomat),Standard Chinese
Zhou Jian (diplomat),Traditional Chinese characters
Zhou Jian (diplomat),Vice List of ambassadors of China to Qatar
Zhou Jian (diplomat),Zhou (surname)
Zhang Meifang,1915 Çanakkale Bridge
Zhang Meifang,2022 visit by Nancy Pelosi to Taiwan
Zhang Meifang,2023 Chinese balloon incident
Zhang Meifang,2023 Turkey–Syria earthquake
Zhang Meifang,Alma mater
Zhang Meifang,American Revolutionary War
Zhang Meifang,Attack on Pearl Harbor
Zhang Meifang,Belfast
Zhang Meifang,CGTN
Zhang Meifang,China
Zhang Meifang,China and the United Nations
Zhang Meifang,Chinese Communist Party
Zhang Meifang,Chinese language
Zhang Meifang,Chinese name
Zhang Meifang,Chinese surname
Zhang Meifang,"Consulate General of China, Belfast"
Zhang Meifang,DL E&C
Zhang Meifang,East China Normal University
Zhang Meifang,Empire of Japan
Zhang Meifang,France
Zhang Meifang,German Marshall Fund
Zhang Meifang,Incumbent
Zhang Meifang,Johns Hopkins University
Zhang Meifang,Kahramanmaras
Zhang Meifang,Korean War
Zhang Meifang,Limak Holding
Zhang Meifang,List of wars involving the United States
Zhang Meifang,Liu Haixing
Zhang Meifang,Ministry of Foreign Affairs of the People's Republic of China
Zhang Meifang,Nancy Pelosi
Zhang Meifang,National Security Commission of the Chinese Communist Party
Zhang Meifang,New York City
Zhang Meifang,One-China policy
Zhang Meifang,Pinyin
Zhang Meifang,Poland
Zhang Meifang,President of Ukraine
Zhang Meifang,Republic of China (1912-1949)
Zhang Meifang,Russian invasion of Ukraine
Zhang Meifang,SK Group
Zhang Meifang,Second Sino-Japanese War
Zhang Meifang,Sichuan Road and Bridge Group
Zhang Meifang,Speaker of the United States House of Representatives
Zhang Meifang,Taiwan
Zhang Meifang,Toronto
Zhang Meifang,Twitter
Zhang Meifang,United Kingdom
Zhang Meifang,United States Air Force
Zhang Meifang,University of Cambridge
Zhang Meifang,Volodomyr Zelenskyy
Zhang Meifang,Wolf warrior diplomacy
Zhang Meifang,World War I
Zhang Meifang,World War II
Zhang Meifang,Yapi Merkezi
Zhang Meifang,Zhang (surname)
Hou Yanqi,ASEAN
Hou Yanqi,Alma mater
Hou Yanqi,Chen Song
Hou Yanqi,China-Nepal relations
Hou Yanqi,Chinese Ambassador to Nepal
Hou Yanqi,Chinese Communist Party
Hou Yanqi,"Chinese Consulate-General, Los Angeles"
Hou Yanqi,Chinese name
Hou Yanqi,Chinese surname
Hou Yanqi,Deputy Chinese Ambassador to ASEAN
Hou Yanqi,Deputy Chinese Ambassador to Nepal
Hou Yanqi,Diplomat
Hou Yanqi,Hanyu Pinyin
Hou Yanqi,Hou (surname)
Hou Yanqi,Incumbent
Hou Yanqi,Ministry of Foreign Affairs of the People's Republic of China
Hou Yanqi,Peking University
Hou Yanqi,Qingxu County
Hou Yanqi,Shanxi
Hou Yanqi,Simplified Chinese characters
Hou Yanqi,Soft power of China
Hou Yanqi,South Asia
Hou Yanqi,Standard Chinese
Hou Yanqi,Taiyuan
Hou Yanqi,Traditional Chinese characters
Hou Yanqi,Urdu
Hou Yanqi,Vice Chinese Ambassador to ASEAN
Hou Yanqi,Vice Chinese Ambassador to Nepal
Hou Yanqi,Yu Hong (ambassador)
Tan Jian (diplomat),Alma mater
Tan Jian (diplomat),Chinese Ambassador to the Netherlands
Tan Jian (diplomat),Chinese Communist Party
Tan Jian (diplomat),Chinese name
Tan Jian (diplomat),Chinese surname
Tan Jian (diplomat),Deputy Chinese Ambassador to the Netherlands
Tan Jian (diplomat),Deputy List of ambassadors of China to Ethiopia
Tan Jian (diplomat),Hanyu Pinyin
Tan Jian (diplomat),Incumbent
Tan Jian (diplomat),La Yifan
Tan Jian (diplomat),List of ambassadors of China to Ethiopia
Tan Jian (diplomat),Nanjing Foreign Language School
Tan Jian (diplomat),Simplified Chinese characters
Tan Jian (diplomat),Standard Chinese
Tan Jian (diplomat),Tan (surname)
Tan Jian (diplomat),Tan Jian
Tan Jian (diplomat),Traditional Chinese characters
Tan Jian (diplomat),Vice Chinese Ambassador to the Netherlands
Tan Jian (diplomat),Vice List of ambassadors of China to Ethiopia
Tan Jian (diplomat),Xi Jinping
Tan Jian (diplomat),Xu Hong (Chinese diplomat)
Tan Jian (diplomat),Zhao Zhiyuan
Fu Cong,Ambassador of China to the European Union
Fu Cong,Brussels
Fu Cong,China
Fu Cong,Chinese Communist Party
Fu Cong,Chinese language
Fu Cong,Chinese name
Fu Cong,Chinese surname
Fu Cong,Conference on Disarmament
Fu Cong,Deputy Ambassador of China to the European Union
Fu Cong,Fou Ts'ong
Fu Cong,Geneva
Fu Cong,Incumbent
Fu Cong,Li Keqiang
Fu Cong,Ministry of Foreign Affairs of the People's Republic of China
Fu Cong,People's Republic of China
Fu Cong,Pinyin
Fu Cong,Rafael Mariano Grossi
Fu Cong,United Nations
Fu Cong,Vice Ambassador of China to the European Union
Fu Cong,Vienna
Fu Cong,World Health Organization
Fu Cong,Xi Jinping
Fu Cong,Xinjiang
Fu Cong,Zhang Ming
Hua Chunying,19th National Congress of the Chinese Communist Party
Hua Chunying,2022 visit by Nancy Pelosi to Taiwan
Hua Chunying,20th National Congress of the Chinese Communist Party
Hua Chunying,Alma mater
Hua Chunying,Attaché
Hua Chunying,Bachelor of Arts
Hua Chunying,COVID-19 misinformation by China
Hua Chunying,Caixin
Hua Chunying,China and the Russian invasion of Ukraine
Hua Chunying,Chinese Communist Party
Hua Chunying,Chinese name
Hua Chunying,Chinese surname
Hua Chunying,Deng Li
Hua Chunying,Deputy Deputy Director of the Information Department of the Ministry of Foreign Affairs of the People's Republic of China
Hua Chunying,Deputy Director of the Information Department of the Ministry of Foreign Affairs of the People's Republic of China
Hua Chunying,Deputy Ministry of Foreign Affairs of the People's Republic of China
Hua Chunying,English language
Hua Chunying,English literature
Hua Chunying,Fort Detrick
Hua Chunying,France 24
Hua Chunying,Gong Peng
Hua Chunying,Hanyu Pinyin
Hua Chunying,Hong Kong Free Press
Hua Chunying,Hong Lei (diplomat)
Hua Chunying,Hua (surname)
Hua Chunying,Huai'an
Hua Chunying,"Huaiyin District, Huai'an"
Hua Chunying,ISSN (identifier)
Hua Chunying,Incumbent
Hua Chunying,Information Department of the Ministry of Foreign Affairs of the People's Republic of China
Hua Chunying,January 6 United States Capitol attack
Hua Chunying,Jiangsu
Hua Chunying,List of Foreign Ministry Spokespersons of the People's Republic of China
Hua Chunying,Liu Jianchao
Hua Chunying,Lu Kang (diplomat)
Hua Chunying,Ministry of Foreign Affairs of the People's Republic of China
Hua Chunying,Nancy Pelosi
Hua Chunying,Nanjing University
Hua Chunying,National Congress of the Chinese Communist Party
Hua Chunying,People's Liberation Army
Hua Chunying,Pu Zhiqiang
Hua Chunying,Qin Gang
Hua Chunying,Quartz (website)
Hua Chunying,Russian invasion of Ukraine
Hua Chunying,SARS-CoV-2
Hua Chunying,Sic
Hua Chunying,Simplified Chinese characters
Hua Chunying,Singapore
Hua Chunying,Standard Chinese
Hua Chunying,Storming of the Legislative Council Complex
Hua Chunying,Taiwan
Hua Chunying,Taiwan News
Hua Chunying,The New York Times
Hua Chunying,The Sydney Morning Herald
Hua Chunying,Traditional Chinese characters
Hua Chunying,United Nations Security Council
Hua Chunying,United States
Hua Chunying,Vice Deputy Director of the Information Department of the Ministry of Foreign Affairs of the People's Republic of China
Hua Chunying,Vice Director of the Information Department of the Ministry of Foreign Affairs of the People's Republic of China
Hua Chunying,Vice Ministry of Foreign Affairs of the People's Republic of China
Hua Chunying,Wang Wenbin
Hua Chunying,Wang Yi (politician)
Hua Chunying,Wayback Machine
Hua Chunying,Xi Jinping Thought on Diplomacy
Wei Hongtian,Abdirahman Duale Beyle
Wei Hongtian,Abdisalam Omer
Wei Hongtian,Alma mater
Wei Hongtian,Communist Party of China
Wei Hongtian,Deputy Ambassador of the People's Republic of China to Somalia
Wei Hongtian,Deputy Chargé d'Affaires of the Embassy of China in Somalia
Wei Hongtian,Han Chinese
Wei Hongtian,Hassan Sheikh Mohamud
Wei Hongtian,Hong Lei (diplomat)
Wei Hongtian,Incumbent
Wei Hongtian,Mogadishu
Wei Hongtian,People's Republic of China
Wei Hongtian,Somali National University
Wei Hongtian,Somali language
Wei Hongtian,Somalia
Wei Hongtian,Vice Ambassador of the People's Republic of China to Somalia
Wei Hongtian,Vice Chargé d'Affaires of the Embassy of China in Somalia
Zhao Lijian,2019 Military World Games
Zhao Lijian,2022 COVID-19 protests in China
Zhao Lijian,2022 Russian invasion of Ukraine
Zhao Lijian,2022 visit by Nancy Pelosi to Taiwan
Zhao Lijian,2022 Ürümqi fire
Zhao Lijian,ABC News
Zhao Lijian,Afghanistan
Zhao Lijian,Alma mater
Zhao Lijian,Associated Press
Zhao Lijian,Attaché
Zhao Lijian,Australian Defence Force
Zhao Lijian,Axios (website)
Zhao Lijian,Bloomberg News
Zhao Lijian,Brereton Report
Zhao Lijian,BuzzFeed News
Zhao Lijian,CNN
Zhao Lijian,COVID-19 misinformation
Zhao Lijian,COVID-19 misinformation by China
Zhao Lijian,Censorship of Twitter
Zhao Lijian,Central South University
Zhao Lijian,Centre for Research on Globalization
Zhao Lijian,Charlie Hebdo
Zhao Lijian,China Cables
Zhao Lijian,China Digital Times
Zhao Lijian,Chinese Communist Party
Zhao Lijian,Chinese government response to COVID-19
Zhao Lijian,Chinese name
Zhao Lijian,Chinese surname
Zhao Lijian,Conspiracy theory
Zhao Lijian,Cui Tiankai
Zhao Lijian,Department of Asian Affairs (People's Republic of China)
Zhao Lijian,Deputy Deputy Director of the Information Department of the Ministry of Foreign Affairs of the People's Republic of China
Zhao Lijian,Deputy Deputy Director of the Ministry of Foreign Affairs of the People's Republic of China
Zhao Lijian,Disinformation in the 2022 Russian invasion of Ukraine
Zhao Lijian,Dissolution of the Soviet Union
Zhao Lijian,Doi (identifier)
Zhao Lijian,Enlargement of NATO
Zhao Lijian,Five Eyes
Zhao Lijian,Foreign Policy
Zhao Lijian,Fort Detrick
Zhao Lijian,Global Times
Zhao Lijian,Han Chinese
Zhao Lijian,Hanyu Pinyin
Zhao Lijian,Hebei
Zhao Lijian,Hua Chunying
Zhao Lijian,ISBN (identifier)
Zhao Lijian,ISSN (identifier)
Zhao Lijian,Incumbent
Zhao Lijian,Independent.co.uk
Zhao Lijian,Index case
Zhao Lijian,Information Department of the Ministry of Foreign Affairs of the People's Republic of China
Zhao Lijian,Islamabad
Zhao Lijian,Islamism
Zhao Lijian,Korea Development Institute
Zhao Lijian,Le Monde
Zhao Lijian,Legislative Council of Hong Kong
Zhao Lijian,Liu Xiaoming
Zhao Lijian,Luannan County
Zhao Lijian,Master of Public Policy
Zhao Lijian,Mike Pompeo
Zhao Lijian,Military history of Australia during the War in Afghanistan
Zhao Lijian,Ministry of Defence (United Kingdom)
Zhao Lijian,Ministry of Foreign Affairs of the People's Republic of China
Zhao Lijian,NATO
Zhao Lijian,Nancy Pelosi
Zhao Lijian,Nunn–Lugar Cooperative Threat Reduction
Zhao Lijian,Pakistan
Zhao Lijian,People's Liberation Army
Zhao Lijian,Pinyin
Zhao Lijian,Political cartoon
Zhao Lijian,Pope Francis
Zhao Lijian,Racism
Zhao Lijian,Radio New Zealand
Zhao Lijian,Republican Party (United States)
Zhao Lijian,Reuters
Zhao Lijian,Robert R. Redfield
Zhao Lijian,Satellite state
Zhao Lijian,Scott Morrison
Zhao Lijian,Severe acute respiratory syndrome coronavirus 2
Zhao Lijian,Simplified Chinese characters
Zhao Lijian,South China Morning Post
Zhao Lijian,"Southwest (Washington, D.C.)"
Zhao Lijian,Standard Chinese
Zhao Lijian,Susan Rice
Zhao Lijian,Swine flu outbreak
Zhao Lijian,Taiwan
Zhao Lijian,Tangshan
Zhao Lijian,Terrorism in Xinjiang
Zhao Lijian,The Guardian
Zhao Lijian,The New York Times
Zhao Lijian,The Paper (Chinese newspaper)
Zhao Lijian,The Washington Post
Zhao Lijian,Traditional Chinese characters
Zhao Lijian,Turkistan Islamic Party
Zhao Lijian,Twitter
Zhao Lijian,U.S. Department of Defense
Zhao Lijian,U.S. News & World Report
Zhao Lijian,US Centers for Disease Control and Prevention
Zhao Lijian,US State Department
Zhao Lijian,Ukraine bioweapons conspiracy theory
Zhao Lijian,Undergraduate
Zhao Lijian,United States Secretary of State
Zhao Lijian,United States foreign policy in the Middle East
Zhao Lijian,Uyghur genocide
Zhao Lijian,Uyghurs
Zhao Lijian,Vice Deputy Director of the Information Department of the Ministry of Foreign Affairs of the People's Republic of China
Zhao Lijian,Vice Deputy Director of the Ministry of Foreign Affairs of the People's Republic of China
Zhao Lijian,War in Afghanistan (2001–present)
Zhao Lijian,White flight
Zhao Lijian,Wolf warrior diplomacy
Zhao Lijian,World Health Organization's response to the COVID-19 pandemic
Zhao Lijian,Wuhan
Zhao Lijian,Wuheqilin
Zhao Lijian,Xi Jinping Thought on Diplomacy
Zhao Lijian,Xinjiang
Zhao Lijian,Xinjiang internment camps
Zhao Lijian,Zhao (surname)
